best_time_to_call,correction_best_time_to_call
"All Day , Any Day","All Day, Any Day"
12 O’Clock,12 O'clock
Evenings From 7 To 12 Pm,Evenings from 7:00 PM to 12:00 PM
"13 11 2023, 9:45 Pm","11/13/2023, 9:45 PM"
From 3Pm Till 9Pm,From 3 PM till 9 PM
After 7:00 Pm,After 7:00 PM
From 12 Noon,12:00 PM
12:00:00.000000,12:00:00 AM
"12 12 2023, 6:00 Pm","12/12/2023, 6:00 PM"
After 3.00 Pm,After 3:00 PM
Any Time,Any Time
Aftar 3,After 3
4Pm Gmt,4 PM GMT
12:00Pm,12:00 PM
13:00:00.000000,1:00:00 PM
All Day,All Day
Before 6Pm,Before 6 PM
17:00:00.000000,5:00:00 PM
From 11 Am To 11 Pm,From 11 AM to 11 PM
Evening,Evening
"05 01 2024, 9:23 Pm","01/05/2024, 9:23 PM"
"08 11 2023, 4:52 Am","08/11/2023, 4:52 AM"
From 6 7Pm Daily Except Friday And Saturday,From 6:00 PM - 7:00 PM Daily Except Friday and Saturday
Weekends,Weekends
Noon To 5Pm,Noon to 5 PM
After 5 Pm Uae Timing,After 5 PM UAE Time
Early Afternoon,Early Afternoon
After 7 Pm,After 7 PM
من التاسعه للعاشره صباحاً,From 9:00 AM to 10:00 AM
Morning,Morning
15:00:00.000000,3:00:00 PM
Morning 12Noon,Morning 12:00 Noon
9Am,9AM
Any,Any
12Am 5Pm,12AM 5PM
13:30:00.000000,1:30 PM
11:00:00.000000,11:00 AM
6Pm,6:00 PM
9 P.M,9:00 PM
In The Morning,in the morning
From 9:00 Am Till 6 Pm,From 9:00 AM until 6:00 PM
After 5 Pm,After 5 PM
Now,now
Around 11 12 Noon Local Time,Around 12:00 PM Local Time
01:00Pm,01:00 PM
Afteraf,After
After Noon,Afternoon
"1 6 2023, 8:30 Pm","16th June 2023, 8:30 PM"
19:00:00.000000,7:00:00 PM
10 Am To 4Pm,10 AM to 4 PM
After Sunday 18 08 2019 @ 06:00 Pm,"After Sunday, August 18, 2019, at 06:00 PM"
12:30:00.000000,12:30:00 AM
"03 01 2024, 8:21 Pm","01/03/2024, 8:21 PM"
After 4 Pm,After 4 PM
20:30:00.000000,8:30:00 PM
"2 7 2023, 8:00 Pm","27 2023, 8:00 PM"
Today Anytime,Today Anytime
02:00Pm,02:00 PM
Noon,12:00 PM
2024 12 05 00:00:00,2024-12-05 12:00:00 AM
Night Time,Night Time
Afternoon,Afternoon
2,2
"16 12 2023, 12:07 Pm","12/16/2023, 12:07 PM"
Monday 15Th Of July’19,"Monday, July 15, 19"
Anytime, anytime
24 7,24/7
2024 11 07 00:00:00,2024 Nov 07 12:00:00 AM UTC
14:00:00.000000,2:00 PM
After 6 Pm,After 6 PM
20:00:00.000000,8:00:00 PM
"08 10 2023, 11:55 Pm","08/10/2023, 11:55 PM"
After 2:00 Pm Daily,After 2:00 PM Daily
من الخامسه مساءا,From 5:00 PM
Any Time After 3:00 Pm,Any time after 3:00 PM
"05 01 2024, 10:05 Pm","01/05/2024, 10:05 PM"
11:00Am,11:00 AM
After 5Pm,After 5 PM
5:00 9:00 Pm,5:00 PM - 9:00 PM
"21 7 2022,","July 21, 2022"
6Pm To 8Pm Egypt Time,6:00 PM to 8:00 PM Egypt Time
At Morning,In the morning
الساعه 10 صباحا,The hour is 10 AM
"18 11 2023, 7:38 Pm","18 Nov 2023, 7:38 PM"
During The Evenings,During the evenings
"06 11 2023, 1:33 Pm","06/11/2023, 1:33 PM"
Between 12 Pm Till 5 Pm,From 12 PM to 5 PM
Tomorrow 5 Pm,Tomorrow 5 PM
Ssturday Afternoon,Saturday Afternoon
اٚ وقت,أوقات
"26 11 2022, 2:00 Pm","26-Nov-2022, 2:00 PM"
Tomorow Afternoon,Tomorrow Afternoon
Asked To Be Contacted On 8:00 9:00 Pm Egyptian Time,Asked To Be Contacted On 8:00 PM - 9:00 PM Egyptian Time
1Pm,1 PM
11Am,11AM
14:30:00.000000,2:30 PM
"21 12 2023, 12:58 Am","December 21, 2023, 12:58 AM"
"02 01 2024, 7:50 Pm","01/02/2024, 7:50 PM"
After 2:00 Pm,After 2:00 PM
All Time,All Time
Tonight, Tonight
16:30:00.000000,4:30:00 PM
"08 02 2024, 9:34 Pm","08/02/2024, 9:34 PM"
After 11 Am,After 11 AM
"02 12 2023, 3:16 Pm","02 December 2023, 3:16 PM"
21:00:00.000000,9:00:00 PM
From 2 To 4,From 2:00 PM to 4:00 PM
اى وقت بعد ١١ ص,11 AM
18:00:00.000000,6:00:00 PM
Anytine Between 5 9 Pm,Anytime between 5:00 PM and 9:00 PM
.,.
11 A.M 6 P.M,11 A.M. 6 P.M.
9 Am To 10 Pm,9 AM to 10 PM
"4 7 2023, 12:00 Pm","4/7/2023, 12:00 PM"
10 Am 9 Pm,10 AM 9 PM
"29 12 2023, 2:05 Pm","12/29/2023, 2:05 PM"
4Pm 7Pm,4:00 PM 7:00 PM
Any Day Around 1:00 Uk Time,Any Day Around 1:00 UK Time
16:00:00.000000,4:00 PM
"05 11 2023, 10:25 Am","05/11/2023, 10:25 AM"
All,All
"06 11 2023, 3:17 Am","06 November 2023, 3:17 AM"
Thanks,thanks
9Am 5 Pm,9 AM 5 PM
"Sunday 15 April , 11 Am 2Pm","Sunday, April 15, 11 AM - 2 PM"
10Pm 11Pm,10 PM 11 PM
Any Day ......... 10:00Am 7:00Pm,Any Day ......... 10:00AM 7:00PM
At 10 Aclock,At 10:00 AM
"08 01 2024, 5:33 Pm","08-01-2024, 5:33 PM"
اليوم,Today
From 11 To 5 Cloock,From 11 AM to 5 PM Clock
"8 5 2022, 6:00 Pm","8/5/2022, 6:00 PM"
After 8,After 8:00 PM
Any Time After 12Pm,Any time after 12 PM
10:30:00.000000,10:30:00 AM
After 4Pm,After 4 PM
Afternoon (4 To 6),Afternoon (4:00 PM to 6:00 PM)
"31 12 2023, 10:53 Pm","31-Dec-2023, 10:53 PM"
Udydhdydydy,Udydydydy
9 Am 3 Pm,9 AM 3 PM
"03 11 2023, 9:28 Am","March 11, 2023, 9:28 AM"
10:00Am,10:00 AM
بعد الظهر,afternoon
After 6Pm,After 6 PM
8.5,8.5
25 12 3Pm,12:25 PM
"17 12 2023, 12:23 Pm","17 Dec 2023, 12:23 PM"
"18 01 2024, 11:26 Am","January 18, 2024, 11:26 AM"
"20 11 2023, 5:02 Pm","11/20/2023, 5:02 PM"
"30 10 2023, 10:09 Pm","10/30/2023, 10:09 PM"
"05 01 2024, 9:38 Pm","05-01-2024, 9:38 PM"
"04 11 2023, 3:51 Pm","04/11/2023, 3:51 PM"
"5 11 2022, 11:00 ص","5/11/2022, 11:00 AM"
"04 01 2024, 10:15 Pm","04/01/2024, 10:15 PM"
Monday 13 01 2020 @ 12:00 Pm,"Monday, January 13, 2020 @ 12:00 PM"
Not After After 9 Morning 19 :00,Not after 9 AM 7:00 PM
"24 01 2024, 5:52 Am","January 24, 2024, 5:52 AM"
"07 12 2023, 1:31 Pm","07 December 2023, 1:31 PM"
"9 6 2023, 1:30 Pm","9/6/2023, 1:30 PM"
Everyday 8Am 3Pm,Everyday 8:00 AM - 3:00 PM
Saturdays,Saturdays
Tomorrow 7Pm,Tomorrow 7 PM
"08 09 2023, 3:44 Am","08/09/2023, 3:44 AM"
"Any Day, Time Between 11Am And 9Pm","Any day, time between 11 AM and 9 PM"
8Pm,8:00 PM
Random,Random
"21 01 2024, 9:55 Am","January 21, 2024, 9:55 AM"
"06 10 2023, 8:49 Pm","06/10/2023, 8:49 PM"
"12 01 2024, 8:28 Am","12 Jan 2024, 8:28 AM"
10:00:00.000000,10:00 AM
3Pm,3:00 PM
"02 01 2024, 4:49 Am","02/01/2024, 4:49 AM"
Please Email,Please email
"21 10 2023, 2:00 Pm","10/21/2023, 2:00 PM"
8 Pm To 10Pm,8:00 PM to 10:00 PM
"29 12 2023, 4:09 Pm","29 December 2023, 4:09 PM"
"30 12 2023, 2:05 Pm","30 December 2023, 2:05 PM"
Before 5 Pm,Before 5 PM
11 Am 1 Pm,11 AM 1 PM
After 2 Pm,After 2 PM
"28 5 2023, 1:30 م","May 28, 2023, 1:30 PM"
I'D Rather Your Guys Emailed.,I'd rather you guys emailed.
Before Iftar,Before Iftar
2024 03 04 00:00:00,2024-03-04 12:00:00 AM UTC
3:30 Afternoon,3:30 PM
Before 5Pm,Before 5 PM
"19 01 2024, 10:50 Pm","19 January 2024, 10:50 PM"
10:00 17:00,10:00 AM 5:00 PM
"25 3 2023, 10:30 Am","March 25, 2023, 10:30 AM"
From 12 Noon To 5 Pm,From 12:00 PM to 5:00 PM
At 14:00 Pm,At 2:00 PM
5Pm,5 PM
10,10
1300,1:00 PM
"06 01 2024, 1:25 Am","06 Jan 2024, 1:25 AM"
"04 09 2023, 11:40 Pm","04 09 2023, 11:40 PM"
"03 11 2023, 12:37 Am","03/11/2023, 12:37 AM"
"07 01 2024, 5:31 Pm","07/01/2024, 5:31 PM"
Any Day From 3Pm,Any day from 3 PM
9Am 12Am,9 AM 12 AM
15:30:00.000000,03:30 PM
"29 11 2023, 7:37 Pm","29 November 2023, 7:37 PM"
"08 09 2023, 12:27 Am","08/09/2023, 12:27 AM"
After 3 Pm,After 3 PM
1Pm 8Pm,1 PM 8 PM
1:00Pm,1:00 PM
مساء,evening
From 4 To 10 Pm,From 4:00 PM to 10:00 PM
22:00:00.000000,10:00:00 PM
By Mail Better Because I Work And Finish Later,By Mail Better Because I Work and Finish Later
"08 12 2023, 7:06 Am","08 December 2023, 7:06 AM"
Ww,WW
"06 11 2023, 7:45 Pm","06/11/2023, 7:45 PM"
After 6,After 6:00 PM
Anytime Today As I Wanted To See A Duplex Apartment Tomorrow Please. Thx,Anytime today as I wanted to see a duplex apartment tomorrow please. Thx
"08 12 2023, 9:26 Pm","08/12/2023, 9:26 PM"
19:30:00.000000,07:30 PM
Tomorrow At 8 Pm,Tomorrow at 8 PM
"25 10 2023, 9:13 Pm","October 25, 2023, 9:13 PM"
Today Tuesday At 5:00Pm Or Tomorrow Wednesday At 11:00Am Ksa Time.,"Today, Tuesday at 5:00 PM or tomorrow, Wednesday at 11:00 AM (KSA time)."
At 16:00,At 4:00 PM
"10 02 2024, 3:34 Pm","10/02/2024, 3:34 PM"
50546490,50546490
9Pm,9 PM
Sunday And Saturday From 10 Am To 8 Pm,Sunday and Saturday from 10 AM to 8 PM
Daylight,Daylight
١٢٣ق٥,123Q5
After 5 Pm Weekend,After 5 PM Weekends
"24 11 2023, 3:35 Am","11/24/2023, 3:35 AM"
"18 12 2023, 1:48 Am","18 Dec 2023, 1:48 AM"
"19 11 2023, 5:00 Pm","19 November 2023, 5:00 PM"
Between 6:7 Pm,Between 6:07 PM
"07 01 2024, 2:37 Am","01/07/2024, 2:37 AM"
2 4 Pm,2:4 PM
عبر الايميل,Via Email
Tomorrow After 4 Pm,Tomorrow after 4 PM
Asked To Be Contacted On Evening,Asked to be contacted in the evening
2024 05 31 00:00:00,"May 31, 2024 12:00:00 AM"
Mornings,Mornings
"20 11 2023, 5:48 Pm","11/20/2023, 5:48 PM"
"06 12 2023, 2:26 Pm","06/12/2023, 2:26 PM"
8 P.M,8:00 PM
Whatsapp Please,PleaseWhatsApp
6,6
11 Am Saturday,11 AM Saturday
Ant Time,Anti-Time
Yes,yes
From 12 Pm To 7 Pm,From 12 PM to 7 PM
"18 11 2023, 3:15 Pm","11/18/2023, 3:15 PM"
"Any Time,With Whatsapp","Any time, with WhatsApp"
"12 5 2023, 2:00 Pm","12/5/2023, 2:00 PM"
"29 4 2023, 9:00 Pm","29 Apr 2023, 9:00 PM"
الساعه ٤ عصرا,The hour at 4 PM
7 10 Pm,7:10 PM
"16 11 2023, 2:05 Pm","11/16/2023, 2:05 PM"
"10 02 2024, 12:02 Pm","10/02/2024, 12:02 PM"
11:30:00.000000,11:30:00 AM
After 12,After 12 PM
3العصر,3 PM
4 2 At 3 Pm,4:2 At 3 PM
"23 11 2023, 3:14 Pm","11/23/2023, 3:14 PM"
"23 10 2023, 12:57 Am","10/23/2023, 12:57 AM"
5 12 2018. 4Pm,12/05/2018. 4:00 PM
7:30 Am To 7:30Pm Usa Time Ny,7:30 AM to 7:30 PM US Eastern Time/New York
6 To9 Pm,6:00 PM
Today Now,Today Now
"05 12 2023, 10:30 Pm","05 12 2023, 10:30 PM"
"16 09 2023, 10:42 Pm","09/16/2023, 10:42 PM"
"15 7 2023, 1:00 Pm","15 July 2023, 1:00 PM"
"11 11 2023, 5:26 Pm","11/11/2023, 5:26 PM"
5 8 Pm,5:08 PM
1002139123,1002139123
5Pm Usa Time,5 PM US time
"06 10 2023, 2:44 Pm","06/10/2023, 2:44 PM"
Do Not Call,Do Not Call
"29 08 2023, 7:02 Pm","29 August 2023, 7:02 PM"
03:00Pm,03:00 PM
2 3 Pm,2:30 PM
"26 01 2024, 8:11 Am","January 26, 2024, 8:11 AM"
Anyday After 5 Pm Cairo Time,Anyday after 5 PM Cairo Time
قناة دشنا,Canaan D申na
6 Pm To 9 Pm,6:00 PM to 9:00 PM
"26 11 2022,","11/26/2022,"
Today,Today
"17 12 2023, 3:46 Am","17 Dec 2023, 3:46 AM"
12 Pm. : 3 Pm.,12 PM: 3 PM
"29 11 2023, 1:24 Am","November 29, 2023, 1:24 AM"
Flexible,Flexible
1Pm 6Pm,1 PM 6 PM
"01 09 2023, 4:45 Pm","01/09/2023, 4:45 PM"
"04 12 2023, 8:25 Am","April 12, 2023, 8:25 AM"
بعد العصر,Afternoon
"05 12 2023, 3:14 Pm","05 12 2023, 3:14 PM"
Cfsx,CSX
"31 08 2023, 6:17 Am","08/31/2023, 6:17 AM"
12Pm 4Pm,12 PM 4 PM
Daytime Any Day,Daytime Any Day
Am,AM
8 10 Am Your Time,8:10 AM Your Time
"18 8 2022, 11:30 Am","August 18, 2022, 11:30 AM"
After Maghrib,After Maghrib prayer
Asked To Be Contacted On 10A.M,Asked to be contacted at 10:00 AM
12Pm,12 PM
4,4
"23 11 2023, 10:55 Am","November 23, 2023, 10:55 AM"
Sunday 9:30Am 10Am Est,Sunday 9:30AM 10:00AM EST
"28 March, 3 Pm","March 28, 3:00 PM"
1285202030,12/8/2020 3:00 PM
"18 7 2022, 1:00 م","18 Jul 2022, 1:00 PM"
9 9Pm,9:00 PM
From 9 Am To 5 Pm,From 9 AM to 5 PM
"18 12 2023, 5:39 Am","18 Dec 2023, 5:39 AM"
8:00 To 12:00 Am,8:00 AM to 12:00 PM
After 14:00 Pm,After 2:00 PM
From 7 Pm,From 7 PM
3 P.M.,3:00 PM
"10 02 2024, 10:03 Pm","10/02/2024, 10:03 PM"
"03 11 2023, 3:54 Pm","03 Nov 2023, 3:54 PM"
"15 7 2023, 3:00 م","15-Jul-2023, 3:00 PM"
"26 12 2023, 3:20 Pm","12/26/2023, 3:20 PM"
12Pm To 7Pm,12 PM to 7 PM
Wats,What
After 5:00 Pm,After 5:00 PM
اى وقت,what time
5Pm 8Pm,5:00 PM 8:00 PM
2Pm,2:00 PM
7 Am To 8 Am Central Time,7 AM to 8 AM CST
Afternoon Time,Afternoon Time
اٚ ةقت,القيت
1230:1430,12:30 PM - 02:30 PM
5,5
"07 01 2024, 11:04 Pm","07-01-2024, 11:04 PM"
"07 10 2023, 11:04 Pm","October 7, 2023, 11:04 PM"
18 09 2020 11:12,"September 18, 2020 11:12 AM"
من الثالثه بعد العصر,3:00 PM
"23 11 2023, 11:47 Am","11/23/2023, 11:47 AM"
"06 11 2023, 9:00 Pm","06/11/2023, 9:00 PM"
11,11 AM
"6 9 2022, 5:00 Pm","6/9/2022, 5:00 PM"
Mail Please Emadelrayes@Hotmail.Com,Email: Emadelrayes@Hotmail.com
From 12 To 10,From 12 PM to 10 PM
"01 12 2023, 8:18 Am","January 12, 2023, 8:18 AM"
Email,Email
"10 02 2024, 1:12 Pm","10/02/2024, 1:12 PM"
Any Day (11:00 Am 3:00 Pm),Any Day (11:00 AM - 03:00 PM)
Ater1Pm,After 1 PM
12:00 Noon,12:00 PM
Saturday,Saturday
After 10 Am,After 10 AM
Late Evening After Working Hrs,Late Evening After Work Hours
12,12 PM
"23 01 2024, 11:04 Pm","01 23 2024, 11:04 PM"
After 12Pm,After 12 PM
2 Pm Till 3 Am,2 PM till 3 AM
الواحده ظهرا,1:00 PM
After 12 Pm,After 12 PM
After 10 Pm. O’Clock,After 10 PM
"10 02 2024, 4:33 Am","10/02/2024, 4:33 AM"
"01 01 2024, 12:05 Am","01 01 2024, 12:05 AM"
العصر,afternoon
From 2Pm To 6Pm,From 2:00 PM To 6:00 PM
Arter 2 Pm,Arter 2 PM
"10 12 2023, 8:07 Am","10/12/2023, 8:07 AM"
2018 08 03 00:00:00,2018-08-03 12:00:00 AM UTC
1100 Am,11:00 AM
"06 01 2024, 11:57 Pm","06-01-2024, 11:57 PM"
10.00 Pm,10:00 PM
"08 12 2023, 4:43 Pm","08 December 2023, 4:43 PM"
09Am : 6Pm,09AM: 06PM
Before Noon Today If Possible,"Before noon today, if possible"
Evening Time,Evening Time
"29 12 2023, 8:18 Pm","December 29, 2023, 8:18 PM"
All The Day,All Day
"07 09 2023, 7:43 Pm","07/09/2023, 7:43 PM"
Any Time After 8Pm,Any time after 8 PM
"Sunday ,, 2 Pm","Sunday, 2 PM"
"04 12 2023, 9:16 Am","04 December 2023, 9:16 AM"
"19 11 2023, 6:33 Pm","19 Nov 2023, 6:33 PM"
Evening 5Pm,Evening 5:00 PM
"03 02 2024, 6:57 Pm","02/03/2024, 6:57 PM"
"12 8 2023, 9:00 Pm","August 12, 2023, 9:00 PM"
"07 12 2023, 3:56 Pm","07/12/2023, 3:56 PM"
"17 10 2023, 4:44 Pm","10/17/2023, 4:44 PM"
1:00 5:00,1:00 AM 5:00 PM
From 2Pm To 6 Pm,From 2 PM to 6 PM
"29 11 2023, 10:38 Pm","29 November 2023, 10:38 PM"
"10 02 2024, 2:17 Pm","10 Feb 2024, 2:17 PM"
"05 11 2023, 7:27 Pm","05/11/2023, 7:27 PM"
"24 08 2023, 5:50 Pm","08/24/2023, 5:50 PM"
"11 12 2023, 3:33 Pm","11/12/2023, 3:33 PM"
After 9:00 Pm,After 9:00 PM
"15 01 2024, 1:17 Pm","15 Jan 2024, 1:17 PM"
"31 3 2022, 10:00 Am","March 31, 2022, 10:00 AM"
4 10 Pm Clt,4:10 PM CLT
"04 01 2024, 10:07 Pm","04/01/2024, 10:07 PM"
الآن,Now
11 12 Am,11:12 AM
11Am :1Pm,11AM: 1PM
"19 4 2023, 11:00 Am","April 19, 2023, 11:00 AM"
"3 7 2023, 12:00 م","March 7, 2023, 12:00 PM"
"15 5 2023, 5:00 Pm","May 15, 2023, 5:00 PM"
At 3 Pm,At 3 PM
"12 12 2023, 3:47 Pm","12/12/2023, 3:47 PM"
4Pm,4 PM
Â Contact On 3 7 After 12 Pm,Contact on 3/7 after 12 PM Eastern
11A.M,11 A.M
"04 01 2024, 3:25 Am","04/01/2024, 3:25 AM"
"26 10 2023, 12:05 Am","10/26/2023, 12:05 AM"
"01 11 2023, 11:29 Pm","November 1, 2023, 11:29 PM"
After 18:00Pm,After 6:00 PM
Tomorrow Pm,Tomorrow PM
٢ ال ٦,2-6
"09 09 2023, 5:11 Pm","09/09/2023, 5:11 PM"
12:00Pm To 10:00 Pm,12:00 PM to 10:00 PM
24 November Afternoon,24 November Afternoon
After 6:00 Pm Cairo Time,After 6:00 PM Cairo Time
Weakend,Weekend
Afternoon Night,Afternoon Night
3 To 6,3:00 PM to 6:00 PM
10Am To 4 Pm,10 AM to 4 PM
"20 11 2023, 9:27 Am","November 20, 2023, 9:27 AM"
0600 Pm,06:00 PM
3,3
"25 12 2023, 12:30 Am","December 25, 2023, 12:30 AM"
From 9: Am To 10:00 Pm,From 9:00 AM to 10:00 PM
"26 11 2023, 10:41 Pm","11/26/2023, 10:41 PM"
Anytime On Whatsapp,Anytime on WhatsApp
"20 11 2023, 12:34 Pm","11/20/2023, 12:34 PM"
From 2 To 6,From 2:00 AM to 6:00 AM
Morning At 10,Morning at 10 AM
"31 10 2023, 4:37 Pm","31 October 2023, 4:37 PM"
Sometime,Sometime
2024 03 07 00:00:00,2024-03-07 12:00:00 AM UTC
Friday After 4 Pm,Friday after 4 PM
Noon Time .,Noon Time: 12:00 PM
Happy,Happy
Shtr,Str
"24 11 2023, 10:01 Pm","11/24/2023, 10:01 PM"
"16 4 2022, 12:00 Pm","April 16, 2022, 12:00 PM"
Day Time,Daytime
"22 11 2023, 6:20 Am","November 22, 2023, 6:20 AM"
"30 09 2023, 1:39 Am","30 September 2023, 1:39 AM"
Night,Night
1 3Pm,1:30 PM
28 7 11A.M,"July 28, 2023, 11:00 AM"
"03 12 2023, 9:33 Am","03 12 2023, 9:33 AM"
"20 9 2022,","September 20, 2022,"
After 8Pm,After 8 PM
After 1Pm,After 1:00 PM
"24 12 2023, 9:46 Am","December 24, 2023, 9:46 AM"
12 Noon,12:00 PM
"03 10 2023, 9:43 Pm","03/10/2023, 9:43 PM"
From 6Pm To 8Pm,From 6:00 PM To 8:00 PM
Starting From July 01,"Starting from July 1, 2023"
"8 5 2023, 10:00 Am","8/5/2023, 10:00 AM"
Every Day After 6 Pm Expect Friday,Every day after 6 PM until Friday
7Pm,7:00 PM
10 Am To 4 Pm,10 AM to 4 PM
14,14:00 PM
"20 11 2023, 6:14 Pm","11/20/2023, 6:14 PM"
17Pm,5:00 PM
2 10 Pm,10:00 PM
"02 01 2024, 10:02 Pm","01/02/2024, 10:02 PM"
6P.M,6:00 PM
10:00 A.M,10:00 AM
Tomorrow Morning,Tomorrow Morning
"7 5 2022, 1:00 Pm","7/5/2022, 1:00 PM"
After 3Pm,After 3:00 PM
10 Am Today,10 AM Today
12:00 م,12:00 PM
٤مساء,4:00 PM
شقه دور مكرر,شقة远程外
"03 11 2023, 1:18 Pm","03 November 2023, 1:18 PM"
Su Th 10 17,Sun Thu 10:17 PM
"03 11 2023, 1:05 Am","03 Nov 2023, 1:05 AM"
From 10 To 5 Daily,From 10:00 AM to 5:00 PM Daily
"25 6 2023, 10:00 Am","June 25, 2023, 10:00 AM"
09 09 2018. 14H,"September 09, 2018. 2:00 PM"
"15 11 2022,","11/15/2022,"
"01 11 2023, 5:07 Pm","November 1, 2023, 5:07 PM"
بليل,凌晨
"04 10 2023, 1:53 Am","April 10, 2023, 1:53 AM"
3:00Pm To 9:00Pm,3:00 PM to 9:00 PM
Any Time Before 8Pm,Any time before 8 PM
اي وقت واتس,أي وقت واتساب
Around 9Pm,around 9 PM
"08 11 2023, 9:38 Pm","08/11/2023, 9:38 PM"
After 18.00,After 6:00 PM
"22 12 2023, 10:50 Pm","12/22/2023, 10:50 PM"
26 1. From 10Am. To11Am,From 10 AM to 11 AM
4 5 P.M And 2 3 A.M,4:05 P.M And 2:03 A.M
6.00 Pm,6:00 PM
Ù,Ù
Tomorrow,Tuesday
4 11 2018 Any Time,11 AM 2018 Any Time
10.00 Am To 12.00 Am,10:00 AM to 12:00 AM
"21 09 2023, 3:03 Pm","21st September 2023, 3:03 PM"
Before 3 Pm Preference Morning,Before 3 PM Preference Morning
9:00Am 9:00 Pm,9:00 AM 9:00 PM
At Any Time(24 Hours).,Available Anytime (24 hours).
Before 3 Pm,Before 3 PM
"22 8 2022,","August 22, 2022"
"20 01 2024, 8:45 Am","January 20, 2024, 8:45 AM"
"26 12 2023, 2:35 Pm","December 26, 2023, 2:35 PM"
"12 09 2023, 11:03 Pm","12 Sep 2023, 11:03 PM"
12 Pm,12 PM
Mornning Time,Morning Time
"09 01 2024, 12:53 Pm","01/09/2024, 12:53 PM"
"11 12 2023, 1:46 Pm","11/12/2023, 1:46 PM"
"23 12 2023, 7:07 Pm","12/23/2023, 7:07 PM"
"20 11 2023, 1:03 Am","November 20, 2023, 1:03 AM"
1500 Uk Time,3:00 PM UK Time
Whats App Plz,Please use WhatsApp
"27 11 2023, 1:04 Am","27 November 2023, 1:04 AM"
Any Time During The Day And Not After 10 Pm,Any time during the day and not after 10 PM
Today Morning 10 Am,Today Morning 10 AM
4 To 6 Pm,4:00 PM - 6:00 PM
Morning 10 Am,Morning 10 AM
"28 1 2022, 3:30 Pm","28 Jan 2022, 3:30 PM"
"19 6 2023, 12:30 Pm","June 19, 2023, 12:30 PM"
"26 11 2023, 9:02 Pm","26 November 2023, 9:02 PM"
"26 01 2024, 12:50 Pm","26-Jan-2024, 12:50 PM"
8 8 2020. 2 Pm O’Clock,8/8/2020 2:00 PM
114111,114111
1 3 P.M.,1:30 P.M.
"13 11 2023, 12:09 Am","11/13/2023, 12:09 AM"
"28 11 2023, 8:04 Pm","11/28/2023, 8:04 PM"
"29 12 2023, 7:31 Am","December 29, 2023, 7:31 AM"
"26 10 2023, 10:56 Am","October 26, 2023, 10:56 AM"
Anytime Of The Day,Any time of the day
"06 12 2023, 12:20 Am","06 December 2023, 12:20 AM"
August 21St At 2 Pm,August 21st at 2 PM
"27 2 2023, 3:30 Pm","2/27/2023, 3:30 PM"
After 6P.M,After 6 P.M.
"23 12 2023, 5:34 Pm","December 23, 2023, 5:34 PM"
"02 02 2024, 10:30 Am","02-02-2024, 10:30 AM"
"03 11 2023, 11:12 Am","03 Nov 2023, 11:12 AM"
"09 01 2024, 6:40 Pm","09/01/2024, 6:40 PM"
"25 3 2022, 3:00 Pm","March 25, 2022, 3:00 PM"
Any Time After 6 Pm,Any time after 6 PM
"09 02 2024, 6:21 Pm","09/02/2024, 6:21 PM"
"22 12 2023, 3:25 Pm","12/22/2023, 3:25 PM"
6 Pm And Afterwards,6:00 PM and afterwards
"24 9 2022, 5:30 Pm","September 24, 2022, 5:30 PM"
After 5 Or During Weekend,After 5 or During the Weekend
"20 3 2023, 7:00 م","March 20, 2023, 7:00 PM"
"20 12 2023, 6:02 Am","December 20, 2023, 6:02 AM"
Eny Taim,Any Time
"07 11 2023, 5:24 Pm","07/11/2023, 5:24 PM"
After 5,After 5:00 PM
2024 07 09 00:00:00,2024 Jul 09 12:00:00 AM UTC
"25 01 2024, 1:38 Pm","01/25/2024, 1:38 PM"
Whatsapp Me The Info Please On The Provided Number,WhatsApp me the info please on the provided number.
"26 6 2023, 11:30 Am","June 26, 2023, 11:30 AM"
Tomorrow From 9: 3,Tomorrow from 9:30 AM
"27 12 2023, 1:39 Am","December 27, 2023, 1:39 AM"
No9N,9N
"23 3 2022, 6:30 Pm","March 23, 2022, 6:30 PM"
18:30:00.000000,6:30:00 PM
"22 7 2023, 11:30 Am","July 22, 2023, 11:30 AM"
"11 11 2023, 1:02 Am","November 11, 2023, 1:02 AM"
الان,now
"25 2 2023, 1:00 Pm","2/25/2023, 1:00 PM"
From 4Pm Until 9Pm,From 4:00 PM Until 9:00 PM
"28 7 2023, 5:00 Pm","28-Jul-2023, 5:00 PM"
"01 01 2024, 4:59 Pm","01 01 2024, 4:59 PM"
"3 3 2023, 6:00 م","3/3/2023, 6:00 PM"
10:30Am,10:30 AM
"05 01 2024, 1:40 Am","05 Jan 2024, 1:40 AM"
"22 09 2023, 3:28 Pm","09/22/2023, 3:28 PM"
Any Time By Whatsapp,Any time by WhatsApp
After 6:30 Pm,After 6:30 PM
8:00 9:30 P.M,8:00 PM - 9:30 PM
"16 10 2023, 9:19 Pm","10/16/2023, 9:19 PM"
Morning Time,9:00 AM
"07 01 2024, 12:21 Am","07 01 2024, 12:21 AM"
"08 11 2023, 1:58 Pm","08/11/2023, 1:58 PM"
"04 01 2024, 12:06 Pm","04/01/2024, 12:06 PM"
"19 09 2023, 10:09 Pm","19 Sep 2023, 10:09 PM"
9.30 Am 5.00 Pm,9:30 AM 5:00 PM
From 11 Am Up To 4 Pm,From 11 AM up to 4 PM
"05 11 2023, 8:34 Pm","05/11/2023, 8:34 PM"
"10 11 2023, 7:20 Pm","10/11/2023, 7:20 PM"
8:00Pm,8:00 PM
"19 8 2023, 11:30 Am","August 19, 2023, 11:30 AM"
"06 09 2023, 4:43 Pm","06/09/2023, 4:43 PM"
2024 10 01 00:00:00,2024-10-01 12:00:00 AM
9 مساءا,9 PM
"03 02 2024, 4:51 Am","02/03/2024, 4:51 AM"
"From After 1,",After 1:00 PM
"08 12 2023, 12:33 Pm","08 December 2023, 12:33 PM"
At 8.00 Pm.,At 8:00 PM
22 3الساعة 1 حتى 3,22:03 PM until 3:00 PM
"14 11 2023, 8:12 Pm","11/14/2023, 8:12 PM"
8 Am Houston Time,8 AM Houston Time
After 15:00,After 3:00 PM
الساعه 10ص,The hour is 10 AM
"05 09 2023, 9:17 Am","05 09 2023, 9:17 AM"
"18 11 2023, 11:21 Am","11/18/2023, 11:21 AM"
At Night,at night
Day,Day
By Whatsapp Anytime .,By WhatsApp anytime.
"13 8 2023, 1:30 Pm","13 Aug 2023, 1:30 PM"
1,1
"01 12 2023, 7:32 Pm","01 December 2023, 7:32 PM"
Week Days From 11 Am To 5 Pm,Weekdays from 11 AM to 5 PM
"08 02 2024, 11:01 Am","02/08/2024, 11:01 AM"
After Ramadan,After Ramadan
"11 09 2023, 6:34 Am","September 11, 2023, 6:34 AM"
"25 01 2024, 1:48 Pm","25 Jan 2024, 1:48 PM"
Any Afternoon Or Evening From 5Pm Or Husband'S Telephone +201018338771 Ged,Any afternoon or evening from 5 PM or husband's telephone +201018338771 GMT
Saturday. 2 5 Pm,Saturday 2:50 PM
"16 11 2023, 11:38 Am","11/16/2023, 11:38 AM"
2018 11 08 00:00:00,2018-11-08 12:00:00 AM UTC
1Pm To 3Pm,1 PM to 3 PM
"25 12 2023, 11:02 Am","25 December 2023, 11:02 AM"
5Pm 11Pm,5:00 PM 11:00 PM
12Nigat,12Nigat
"30 6 2023, 10:30 Am","June 30, 2023, 10:30 AM"
8 To 10 Am,8:00 AM to 10:00 AM
"15 10 2023, 3:26 Am","15 Oct 2023, 3:26 AM"
22.2,22.2°F
2024 11 11 00:00:00,2024-11-11 12:00:00 AM
"27 6 2023, 1:00 Pm","27 June 2023, 1:00 PM"
Before 4 Or After 8,Before 4:00 PM or After 8:00 PM
11Am Till 11 Pm,11 AM until 11 PM
1 Pm 10 Pm,1 PM 10 PM
"22 10 2023, 5:13 Am","October 22, 2023, 5:13 AM"
After 8 Pm,After 8 PM
10:00 Am To 7:00 Pm,10:00 AM to 7:00 PM
"18 09 2023, 1:11 Am","September 18, 2023, 1:11 AM"
بعد العشاء عندنا,After dinner with us
"04 11 2023, 10:49 Pm","04/11/2023, 10:49 PM"
Anytime During The Morning,Anytime in the Morning
23:00:00.000000,11:00:00 PM
"11 09 2023, 7:13 Pm","11 Sep 2023, 7:13 PM"
"24 08 2023, 9:35 Am","August 24, 2023, 9:35 AM"
"29 08 2023, 1:59 Pm","29 August 2023, 1:59 PM"
Saturday 13Th October,"Saturday, October 13th"
05:00:00.000000,5:00:00 AM
09:00 23:00,09:00 AM 11:00 PM
"Any Day At 10 Am, Other Than Weekend","Any day at 10 AM, other than weekends."
After 5Pm Cairo Time,After 5 PM Cairo Time
17:30:00.000000,5:30:00 PM
July 21 At 12 Noon,July 21 at 12 Noon
Any Time Just Notify Me Through What’S App,Any time. Just notify me through WhatsApp.
10 12 Am,10:12 AM
18 08 2019,08/18/2019
Any Time Before 7 Pm,Any time before 7 PM
"10 01 2024, 1:41 Pm","10 Jan 2024, 1:41 PM"
8 12 Pm,8:12 PM
Any Time Via Whatsapp,Any time via WhatsApp
"20 11 2023, 12:54 Am","November 20, 2023, 12:54 AM"
15:30 Pm,3:30 PM
"01 11 2023, 12:51 Pm","01 November 2023, 12:51 PM"
بعد الواحدة ظهرا,after 1:00 PM
"20 3 2023, 11:00 Am","March 20, 2023, 11:00 AM"
12 30,12:30 PM
From 4Pm To 8Pm,From 4:00 PM To 8:00 PM
"14 12 2023, 1:44 Pm","14 December 2023, 1:44 PM"
Today After 6,Today after 6 PM
"06 12 2023, 9:36 Pm","06 December 2023, 9:36 PM"
"09 10 2023, 11:55 Pm","09/10/2023, 11:55 PM"
Starting 6.30 Pm Weekdays And Any Time In Weekend,Starting 6:30 PM Weekdays and Any Time on Weekends
"16 11 2023, 9:31 Pm","11/16/2023, 9:31 PM"
12:08:00.000000,12:08:00 AM
Tomorrow At 10 Am,Tomorrow at 10 AM
٩Pm,9 PM
Anytime After 4Pm Egypt Time,Anytime after 4:00 PM EET
10Am,10AM
"22 11 2023, 12:07 Pm","11/22/2023, 12:07 PM"
من 9 ال 5 مساءا,From 9:05 PM
"19 01 2024, 11:03 Pm","19 Jan 2024, 11:03 PM"
2018 11 17 00:00:00,2018-11-17 12:00:00 AM UTC
5 8 2019 8 To 10Pm,5/8/2019 8:00 PM - 10:00 PM
"5 7 2023, 6:00 Pm","5/7/2023, 6:00 PM"
"02 09 2023, 3:04 Pm","09/02/2023, 3:04 PM"
"01 01 2024, 10:36 Pm","01/01/2024, 10:36 PM"
"26 7 2023, 12:00 م","July 26, 2023, 12:00 PM"
13:00 18:00,1:00 PM - 6:00 PM
"12 11 2023, 8:08 Am","11/12/2023, 8:08 AM"
"16 01 2024, 6:16 Pm","16 Jan 2024, 6:16 PM"
"19 12 2023, 11:09 Pm","19-Dec-2023, 11:09 PM"
Between 13:00Hr And 21:00Hr Egyptian Time.,From 1:00 PM to 9:00 PM Egyptian Time.
From 10 To17,From 10:00 AM to 5:00 PM
Pls Email,Please email
"31 01 2024, 6:39 Pm","31-Jan-2024, 6:39 PM"
"E Mail , Whatsapp","Email, WhatsApp"
10:30Pm,10:30 PM
"20 3 2022, 12:30 Pm","March 20, 2022, 12:30 PM"
After 1 Pm,After 1 PM
After 4:00 Pm,After 4:00 PM
"11 09 2023, 3:47 Pm","11/09/2023, 3:47 PM"
"08 01 2024, 2:44 Pm","01/08/2024, 2:44 PM"
"09 12 2023, 11:50 Am","09/12/2023, 11:50 AM"
7 P.M,7:00 PM
Whatsapp,WhatsApp
From 1 Pm Till 6 Pm,From 1 PM until 6 PM
"08 12 2023, 10:18 Pm","08 December 2023, 10:18 PM"
27 07,July 27
بنك مصر,Banque du Caire
"20 7 2023, 10:30 Am","July 20, 2023, 10:30 AM"
11 To 2,11:00 AM to 2:00 PM
"27 08 2023, 3:46 Am","27 Aug 2023, 3:46 AM"
Everyday From 4Pm,Everyday from 4:00 PM
Please Call Her Now,Please call her now.
"Sept 2 , At 6:00 Pm","September 2, at 6:00 PM"
Weekend,Weekend
4.35,4.35
5 To 8 Pm,5:00 PM - 8:00 PM
Anytime After 14:00,Anytime after 2:00 PM
"06 11 2023, 7:58 Am","06 November 2023, 7:58 AM"
"29 01 2024, 10:09 Pm","29 January 2024, 10:09 PM"
10.30 Pm 17 3,10:30 PM
Sunday From 2Pm Till 8Pm,Sunday from 2 PM till 8 PM
كل الاوقات,All times
6 Pm To 8 Pm,6:00 PM To 8:00 PM
"07 01 2024, 1:24 Pm","07/01/2024, 1:24 PM"
"10 11 2023, 4:30 Pm","10/11/2023, 4:30 PM"
After 20,After 20:00
Sunday At 5:00 Pm,Sunday at 5:00 PM
أٚ وقت,/time未知，请提供更多信息。
"14 11 2023, 9:29 Pm","11/14/2023, 9:29 PM"
"18 01 2024, 7:17 Pm","18 Jan 2024, 7:17 PM"
5.00 Pm,5:00 PM
Sunday Wednesday,"Sunday, Wednesday"
"16 9 2018 ,All Day","September 16, 2018, All Day"
"20 11 2023, 6:06 Pm","November 20, 2023, 6:06 PM"
"16 11 2023, 1:25 Am","11/16/2023, 1:25 AM"
"13 12 2023, 8:37 Pm","13 Dec 2023, 8:37 PM"
10.00Am 21Pm,10:00 AM 9:00 PM
"12 09 2023, 3:24 Pm","12/09/2023, 3:24 PM"
After 5 P. M,After 5:00 PM
Any Time Will Be Fine,any time will be fine
"12 12 2023, 8:08 Am","December 12, 2023, 8:08 AM"
"19 10 2023, 11:42 Am","19 Oct 2023, 11:42 AM"
After 7Pm,After 7 PM
"19 11 2023, 4:24 Pm","19 November 2023, 4:24 PM"
"22 12 2023, 12:20 Pm","December 22, 2023, 12:20 PM"
Free,Free
From 4 Pm.To 6Pm,From 4:00 PM to 6:00 PM
1 5 Pm,1:5 PM
"04 11 2023, 1:07 Pm","04 November 2023, 1:07 PM"
"30 4 2023, 5:00 Pm","30Apr2023, 5:00 PM"
11 7 Pm,11:07 PM
Gsga,GAAP
After 3 P.M,After 3:00 PM
"14 8 2022, 6:30 Pm","August 14, 2022, 6:30 PM"
١,1
"10 10 2023, 12:55 Am","October 10, 2023, 12:55 AM"
"22 3 2023, 10:00 Am","March 22, 2023, 10:00 AM"
"02 12 2023, 12:50 Am","02/12/2023, 12:50 AM"
"08 11 2023, 5:08 Pm","08/11/2023, 5:08 PM"
Anytime After 5Pm And Until 9:30 Pm,Anytime after 5 PM and until 9:30 PM
"13 12 2023, 11:36 Pm","13 Dec 2023, 11:36 PM"
"1 July 2019 , 1 Pm","1 July 2019, 1 PM"
"28 12 2023, 11:21 Am","December 28, 2023, 11:21 AM"
11.03.2019,03/11/2019
"08 12 2023, 11:33 Pm","08/12/2023, 11:33 PM"
From 10 Am To 10Pm Except From 2 Pm To 6 Pm,From 10 AM to 10 PM except from 2 PM to 6 PM
"11 09 2023, 4:19 Am","11 Sep 2023, 4:19 AM"
"19 11 2023, 6:21 Pm","19 November 2023, 6:21 PM"
2024 10 02 00:00:00,2024-10-02 12:00:00 AM UTC
"27 12 2023, 2:45 Am","December 27, 2023, 2:45 AM"
After 3 P.M Starting From The 10Th Of March,After 3:00 PM Starting from March 10th
"04 11 2023, 12:37 Am","04 Nov 2023, 12:37 AM"
"29 10 2023, 7:20 Pm","10/29/2023, 7:20 PM"
16:00 22:00,4:00 PM 10:00 PM
"26 5 2023, 11:30 ص","May 26, 2023, 11:30 AM"
Saturday After 2Pm,Saturday after 2 PM
Before 4 Pm,Before 4 PM
"19 11 2023, 2:34 Pm","19 Nov 2023, 2:34 PM"
"14 11 2023, 7:59 Pm","11/14/2023, 7:59 PM"
5:00Pm,5:00 PM
Anytime After 4 Pm,Anytime after 4:00 PM
"22 12 2023, 6:22 Am","December 22, 2023, 6:22 AM"
"06 01 2024, 6:05 Pm","01/06/2024, 6:05 PM"
"16 12 2023, 11:17 Pm","16 Dec 2023, 11:17 PM"
9 To 6,9:00 AM to 6:00 PM
"21 01 2024, 1:56 Pm","21 Jan 2024, 1:56 PM"
"01 01 2024, 5:01 Pm","01 01 2024, 5:01 PM"
From 10:00 Am To 5:00 Pm,From 10:00 AM to 5:00 PM
"04 09 2023, 2:10 Am","04 Sep 2023, 2:10 AM"
"29 10 2023, 1:13 Am","10/29/2023, 1:13 AM"
"27 4 2023, 6:00 Pm","April 27, 2023, 6:00 PM"
"31 7 2021, 1:30 Pm","31 July 2021, 1:30 PM"
Monday,Monday
"25 12 2023, 3:32 Pm","25 Dec 2023, 3:32 PM"
4 5 Pm,4:05 PM
"31 8 2022, 3:00 Pm","31 Aug 2022, 3:00 PM"
3 8 Pm,3:8 PM
Tomorrow 5Pm,Tomorrow 5 PM
From 1:Pm 4:Pm,From 1:00 PM to 4:00 PM
Asked To Be Contacted On In The Morning After 10:00 Am .,Asked to be contacted in the morning after 10:00 AM.
10Am 3Pm,10AM 3PM
Any Day In The Morning 9 11Am,Any day in the morning from 9:00 AM to 11:00 AM
"29 10 2023, 11:12 Pm","10/29/2023, 11:12 PM"
"30 08 2023, 7:52 Pm","30 August 2023, 7:52 PM"
1.00Pm,1:00 PM
10Am To 6 Pm,10 AM to 6 PM
8 Am Till 8 Pm,8 AM until 8 PM
Please Send Me Prices By Mail,Please send me prices by mail.
11 Am 16 Pm,11 AM 16 PM
On 8:00 Pm,At 8:00 PM
"10 09 2023, 2:34 Pm","10/09/2023, 2:34 PM"
Today. 10 Pm,"Today, 10 PM"
"16 11 2023, 12:19 Pm","11/16/2023, 12:19 PM"
09:30:00.000000,09:30 AM
Asked To Be Contacted On 3:30,Asked to be contacted at 3:30 PM
"30 12 2023, 12:54 Am","December 30, 2023, 12:54 AM"
2024 04 08 00:00:00,2024-04-08 12:00:00 AM UTC
"22 11 2023, 3:35 Pm","11/22/2023, 3:35 PM"
Friday,Friday
"10 01 2024, 6:30 Am","10 January 2024, 6:30 AM"
"23 01 2024, 12:49 Pm","01 23 2024, 12:49 PM"
In 2 Years,in 2 years
8,8:00 PM
"22 11 2023, 2:55 Am","November 22, 2023, 2:55 AM"
"03 01 2024, 5:11 Am","03/01/2024, 5:11 AM"
7,7
"13 11 2023, 6:19 Am","11/13/2023, 6:19 AM"
"09 09 2023, 9:29 Pm","09/09/2023, 9:29 PM"
In The Morning After 12,In the morning after 12:00 AM
"07 09 2023, 3:06 Am","07/09/2023, 3:06 AM"
2019 03 04 11:00:00,2019 Mar 04 11:00:00 AM
"20 7 2023, 10:00 Am","July 20, 2023, 10:00 AM"
05.00 Pm,05:00 PM
"5 8 2023, 2:30 Pm","5/8/2023, 2:30 PM"
"24 10 2023, 9:38 Pm","10/24/2023, 9:38 PM"
"25 12 2023, 8:33 Pm","December 25, 2023, 8:33 PM"
"21 12 2023, 8:50 Am","December 21, 2023, 8:50 AM"
10:00Am 10:00Pm,10:00 AM 10:00 PM
"08 11 2023, 2:00 Am","08/11/2023, 2:00 AM"
From 3 To 6 Pm Kuwait Timing,From 3:00 PM to 6:00 PM GMT+3
"18 11 2023, 9:29 Pm","11/18/2023, 9:29 PM"
30Th Of March After 12.30 Pm Usa Time,30th of March After 12:30 PM USA Time
"07 09 2023, 8:11 Pm","07/09/2023, 8:11 PM"
Any Day After 10;00Am,Any day after 10:00 AM
9,9
10Pm,10 PM
"25 01 2024, 10:57 Pm","01/25/2024, 10:57 PM"
"11 01 2024, 8:21 Am","11 Jan 2024, 8:21 AM"
"10 6 2023, 10:00 Am","10/6/2023, 10:00 AM"
"18 09 2023, 5:20 Pm","18 Sep 2023, 5:20 PM"
12:30Pm,12:30 PM
After 11Am,After 11 AM
"28 08 2023, 1:42 Pm","28 Aug 2023, 1:42 PM"
"06 11 2023, 11:12 Am","06 Nov 2023, 11:12 AM"
"08 02 2024, 5:40 Pm","02/08/2024, 5:40 PM"
2024 09 23 00:00:00,2024-09-23 12:00:00 AM UTC
11.45,11:45 AM
"18 12 2023, 12:05 Am","18 Dec 2023, 12:05 AM"
"08 10 2023, 8:29 Pm","October 8, 2023, 8:29 PM"
"30 09 2023, 2:21 Pm","30 September 2023, 2:21 PM"
Asap,As Soon As Possible
"8 7 2023, 4:00 Pm","8/7/2023, 4:00 PM"
11Am To 3Pm,11AM to 3PM
Easy,Easy
اٚ وقا,And soon
In The Morning Before 12,In the morning before 12:00 AM
28 8 2018,8/28/2018
Anytime After 4 00 Pm,Anytime after 4:00 PM
"19 10 2023, 10:06 Pm","10/19/2023, 10:06 PM"
After 4 O'Clock Pm,After 4:00 PM
"25 7 2023, 11:30 ص","25-Jul-2023, 11:30 AM"
"22 12 2023, 7:13 Pm","12/22/2023, 7:13 PM"
"18 11 2023, 2:43 Pm","18 Nov 2023, 2:43 PM"
29 12 @ 12,12/29 @ 12:00 PM
"08 01 2024, 7:59 Pm","08/01/2024, 7:59 PM"
"6 3 2023, 6:00 Pm","3/20/2023, 6:00 PM"
"20 7 2023, 3:00 Pm","July 20, 2023, 3:00 PM"
20 July 19 4:00Pm,"July 20, 194 PM"
After 7,After 7:00 PM
"21 01 2024, 1:33 Am","January 21, 2024, 1:33 AM"
"11 01 2024, 7:51 Am","11 Jan 2024, 7:51 AM"
"17 4 2020 , 7Pm","April 17, 2020, 7:00 PM"
"04 10 2023, 1:17 Pm","04/10/2023, 1:17 PM"
From 6 Pm,From 6 PM
8 Am To 4 Pm,8 AM to 4 PM
"10 01 2024, 8:17 Pm","10th January 2024, 8:17 PM"
"01 02 2024, 7:19 Am","January 02, 2024, 7:19 AM"
After 6 Pm Dubai Time,After 6 PM Dubai Time
10 25 2018 @ 5Pm Egypt Time Will Be 11 Am Usa Time,10 25 2018 @ 5:00 PM Egypt Time Will Be 11:00 AM USA Time
After 7:30 Pm,After 7:30 PM
Chaque Jour,Every Day
